{ "transparent_z": { "0": 0,
"1": -21.4688,
"2": -21.4688,
"3": -23.9688,
"4": -23.9688,
"5": -20.3438,
"6": -20.3438,
"7": -22.5312,
"8": -22.5312,
"9": -20.5,
"10": -20.5,
"11": -22.7188,
"12": -22.7188,
"13": -20.5,
"14": -20.5,
"15": -22.5938,
"16": -22.5938,
"17": -15.5312,
"18": -15.5312,
"19": -18.0938,
"20": -18.0938,
"21": -18,
"22": -18,
"23": -3.4375,
"24": -3.4375,
"25": -4.8125,
"26": -4.8125,
"27": -6.53125,
"28": -6.53125,
"29": -5.5,
"30": -5.5,
"31": -19.5,
"32": -19.5,
"33": -23.5,
"34": -23.5,
"35": -21.5,
"36": -21.5,
"37": -16.5,
"38": -16.5,
"39": -27.5,
"40": -27.5,
"41": -14.5,
"42": -14.5,
"43": -24.0312,
"44": -14,
"45": -27.6875,
"46": -6.96875,
"47": -3.03125,
"48": -8.5,
"49": -23.875,
"50": -23.875 }, 
"rigid_mats": { "0": [ 32, 0, 0, 0, 0, 32, 0, 0, 0, 0, 0, 0, 0, 0, 0, 1 ],
"1": [ 2.12175, 0, 0, 0, -0, -1.87825, -0, -0, 0, 0, 0, 0, 57.5, 20.0905, 0, 1 ],
"2": [ 2, 0, 0, 0, -0, -1, -0, -0, 0, 0, 2, 0, 57.5, 21.4688, 0, 1 ],
"3": [ 1, 0, 0, 0, -0, -1, -0, -0, 0, 0, 1, 0, 13.9688, 22.4688, 0, 1 ],
"4": [ 0.166667, 0, 0, 0, -0, -0.0833333, -0, -0, 0, 0, 0.166667, 0, 13.9688, 23.9688, 0, 1 ],
"5": [ 1, 0, 0, 0, -0, -1, -0, -0, 0, 0, 1, 0, 18.875, 19.0152, 0, 1 ],
"6": [ 0.18817, 0, 0, 0, -0, -0.0940848, -0, -0, 0, 0, 0.18817, 0, 18.875, 20.3438, 0, 1 ],
"7": [ 1, 0, 0, 0, -0, -1, -0, -0, 0, 0, 1, 0, 20.4062, 20.559, 0, 1 ],
"8": [ 0.126757, 0, 0, 0, -0, -0.0633783, -0, -0, 0, 0, 0.126757, 0, 20.4062, 22.5312, 0, 1 ],
"9": [ 1, 0, 0, 0, -0, -1, -0, -0, 0, 0, 1, 0, 21.5, 18.7779, 0, 1 ],
"10": [ 0.145174, 0, 0, 0, -0, -0.0725872, -0, -0, 0, 0, 0.145174, 0, 21.5, 20.5, 0, 1 ],
"11": [ 1, 0, 0, 0, -0, -1, -0, -0, 0, 0, 1, 0, 23.5312, 21.5267, 0, 1 ],
"12": [ 0.209729, 0, 0, 0, -0, -0.104864, -0, -0, 0, 0, 0.209729, 0, 23.5312, 22.7188, 0, 1 ],
"13": [ 1, 0, 0, 0, -0, -1, -0, -0, 0, 0, 1, 0, 24.4688, 18.5704, 0, 1 ],
"14": [ 0.129563, 0, 0, 0, -0, -0.0647816, -0, -0, 0, 0, 0.129563, 0, 24.4688, 20.5, 0, 1 ],
"15": [ 1, 0, 0, 0, -0, -1, -0, -0, 0, 0, 1, 0, 26.1875, 20.7813, 0, 1 ],
"16": [ 0.137933, 0, 0, 0, -0, -0.0689667, -0, -0, 0, 0, 0.137933, 0, 26.1875, 22.5938, 0, 1 ],
"17": [ 1, 0, 0, 0, -0, -1, -0, -0, 0, 0, 1, 0, 21.5625, 14.4796, 0, 1 ],
"18": [ 0.237733, 0, 0, 0, -0, -0.118866, -0, -0, 0, 0, 0.237733, 0, 21.5625, 15.5312, 0, 1 ],
"19": [ 1, 0, 0, 0, -0, -1, -0, -0, 0, 0, 1, 0, 23.1875, 16.2255, 0, 1 ],
"20": [ 0.133816, 0, 0, 0, -0, -0.0669082, -0, -0, 0, 0, 0.133816, 0, 23.1875, 18.0938, 0, 1 ],
"21": [ 1, 0, 0, 0, -0, -1, -0, -0, 0, 0, 1, 0, 20.2812, 16.1134, 0, 1 ],
"22": [ 0.132513, 0, 0, 0, -0, -0.0662563, -0, -0, 0, 0, 0.132513, 0, 20.2812, 18, 0, 1 ],
"23": [ 1, 0, 0, 0, -0, -1, -0, -0, 0, 0, 1, 0, 21.5, 1.45697, 0, 1 ],
"24": [ 0.126229, 0, 0, 0, -0, -0.0631143, -0, -0, 0, 0, 0.126229, 0, 21.5, 3.4375, 0, 1 ],
"25": [ 1, 0, 0, 0, -0, -1, -0, -0, 0, 0, 1, 0, 24.4375, 3.44795, 0, 1 ],
"26": [ 0.18321, 0, 0, 0, -0, -0.091605, -0, -0, 0, 0, 0.18321, 0, 24.4375, 4.8125, 0, 1 ],
"27": [ 1, 0, 0, 0, -0, -1, -0, -0, 0, 0, 1, 0, 21.4062, 4.94466, 0, 1 ],
"28": [ 0.15757, 0, 0, 0, -0, -0.0787852, -0, -0, 0, 0, 0.15757, 0, 21.4062, 6.53125, 0, 1 ],
"29": [ 1, 0, 0, 0, -0, -1, -0, -0, 0, 0, 1, 0, 12.5, 5, 0, 1 ],
"30": [ 0.25, 0, 0, 0, -0, -0.125, -0, -0, 0, 0, 0.25, 0, 12.5, 5.5, 0, 1 ],
"31": [ 1, 0, 0, 0, -0, -1, -0, -0, 0, 0, 1, 0, 30.5, 19, 0, 1 ],
"32": [ 0.25, 0, 0, 0, -0, -0.125, -0, -0, 0, 0, 0.25, 0, 30.5, 19.5, 0, 1 ],
"33": [ 1, 0, 0, 0, -0, -1, -0, -0, 0, 0, 1, 0, 30.5, 23, 0, 1 ],
"34": [ 0.25, 0, 0, 0, -0, -0.125, -0, -0, 0, 0, 0.25, 0, 30.5, 23.5, 0, 1 ],
"35": [ 1, 0, 0, 0, -0, -1, -0, -0, 0, 0, 1, 0, 35.5, 21, 0, 1 ],
"36": [ 0.25, 0, 0, 0, -0, -0.125, -0, -0, 0, 0, 0.25, 0, 35.5, 21.5, 0, 1 ],
"37": [ 1, 0, 0, 0, -0, -1, -0, -0, 0, 0, 1, 0, 37.5, 16, 0, 1 ],
"38": [ 0.25, 0, 0, 0, -0, -0.125, -0, -0, 0, 0, 0.25, 0, 37.5, 16.5, 0, 1 ],
"39": [ 1, 0, 0, 0, -0, -1, -0, -0, 0, 0, 1, 0, 60.5, 27, 0, 1 ],
"40": [ 0.25, 0, 0, 0, -0, -0.125, -0, -0, 0, 0, 0.25, 0, 60.5, 27.5, 0, 1 ],
"41": [ 1, 0, 0, 0, -0, -1, -0, -0, 0, 0, 1, 0, 6.5, 14, 0, 1 ],
"42": [ 0.25, 0, 0, 0, -0, -0.125, -0, -0, 0, 0, 0.25, 0, 6.5, 14.5, 0, 1 ],
"43": [ 1, 0, 0, 0, -0, -1, -0, -0, 0, 0, 1, 0, 7, 24.0312, 0, 1 ],
"44": [ 1, 0, 0, 0, -0, -1, -0, -0, 0, 0, 1, 0, 1.96875, 14, 0, 1 ],
"45": [ 1, 0, 0, 0, -0, -1, -0, -0, 0, 0, 1, 0, 30.375, 27.6875, 0, 1 ],
"46": [ 1, 0, 0, 0, -0, -1, -0, -0, 0, 0, 1, 0, 31.875, 6.96875, 0, 1 ],
"47": [ 1, 0, 0, 0, -0, -1, -0, -0, 0, 0, 1, 0, 15, 3.03125, 0, 1 ],
"48": [ 1, 0, 0, 0, -0, -1, -0, -0, 0, 0, 1, 0, 39.5, 8.5, 0, 1 ],
"49": [ 0.9375, 0, 0, 0, -0, -1.0625, -0, -0, 0, 0, 1, 0, 4, 22.8125, 0, 1 ],
"50": [ 0.5, 0, 0, 0, -0, -0.25, -0, -0, 0, 0, 0.5, 0, 4, 23.875, 0, 1 ] }, 
"diffuse_colors": { "0": [ 1, 1, 1, 1 ],
"1": [ 1, 1, 1, 1 ],
"2": [ 0.5, 0.5, 0.5, 1 ],
"3": [ 1, 1, 1, 1 ],
"4": [ 0.5, 0.5, 0.5, 1 ],
"5": [ 1, 1, 1, 1 ],
"6": [ 0.5, 0.5, 0.5, 1 ],
"7": [ 1, 1, 1, 1 ],
"8": [ 0.5, 0.5, 0.5, 1 ],
"9": [ 1, 1, 1, 1 ],
"10": [ 0.5, 0.5, 0.5, 1 ],
"11": [ 1, 1, 1, 1 ],
"12": [ 0.5, 0.5, 0.5, 1 ],
"13": [ 1, 1, 1, 1 ],
"14": [ 0.5, 0.5, 0.5, 1 ],
"15": [ 1, 1, 1, 1 ],
"16": [ 0.5, 0.5, 0.5, 1 ],
"17": [ 1, 1, 1, 1 ],
"18": [ 0.5, 0.5, 0.5, 1 ],
"19": [ 1, 1, 1, 1 ],
"20": [ 0.5, 0.5, 0.5, 1 ],
"21": [ 1, 1, 1, 1 ],
"22": [ 0.5, 0.5, 0.5, 1 ],
"23": [ 1, 1, 1, 1 ],
"24": [ 0.5, 0.5, 0.5, 1 ],
"25": [ 1, 1, 1, 1 ],
"26": [ 0.5, 0.5, 0.5, 1 ],
"27": [ 1, 1, 1, 1 ],
"28": [ 0.5, 0.5, 0.5, 1 ],
"29": [ 1, 1, 1, 1 ],
"30": [ 0.5, 0.5, 0.5, 1 ],
"31": [ 1, 1, 1, 1 ],
"32": [ 0.5, 0.5, 0.5, 1 ],
"33": [ 1, 1, 1, 1 ],
"34": [ 0.5, 0.5, 0.5, 1 ],
"35": [ 1, 1, 1, 1 ],
"36": [ 0.5, 0.5, 0.5, 1 ],
"37": [ 1, 1, 1, 1 ],
"38": [ 0.5, 0.5, 0.5, 1 ],
"39": [ 1, 1, 1, 1 ],
"40": [ 0.5, 0.5, 0.5, 1 ],
"41": [ 1, 1, 1, 1 ],
"42": [ 0.5, 0.5, 0.5, 1 ],
"43": [ 1, 1, 1, 1 ],
"44": [ 1, 1, 1, 1 ],
"45": [ 1, 1, 1, 1 ],
"46": [ 1, 1, 1, 1 ],
"47": [ 1, 1, 1, 1 ],
"48": [ 1, 1, 1, 1 ],
"49": [ 1, 1, 1, 1 ],
"50": [ 0.5, 0.5, 0.5, 1 ] }, 
"meshes": { "0": 1,
"1": 2,
"2": 2,
"3": 2,
"4": 2,
"5": 2,
"6": 2,
"7": 2,
"8": 2,
"9": 2,
"10": 2,
"11": 2,
"12": 2,
"13": 2,
"14": 2,
"15": 2,
"16": 2,
"17": 2,
"18": 2,
"19": 2,
"20": 2,
"21": 2,
"22": 2,
"23": 2,
"24": 2,
"25": 2,
"26": 2,
"27": 2,
"28": 2,
"29": 2,
"30": 2,
"31": 2,
"32": 2,
"33": 2,
"34": 2,
"35": 2,
"36": 2,
"37": 2,
"38": 2,
"39": 2,
"40": 2,
"41": 2,
"42": 2,
"43": 2,
"44": 2,
"45": 2,
"46": 2,
"47": 2,
"48": 2,
"49": 2,
"50": 2 }, 
"textures": { "0": 12,
"1": 9,
"2": 11,
"3": 3,
"4": 11,
"5": 3,
"6": 11,
"7": 3,
"8": 11,
"9": 3,
"10": 11,
"11": 3,
"12": 11,
"13": 3,
"14": 11,
"15": 3,
"16": 11,
"17": 3,
"18": 11,
"19": 3,
"20": 11,
"21": 3,
"22": 11,
"23": 3,
"24": 11,
"25": 3,
"26": 11,
"27": 3,
"28": 11,
"29": 0,
"30": 11,
"31": 0,
"32": 11,
"33": 0,
"34": 11,
"35": 0,
"36": 11,
"37": 0,
"38": 11,
"39": 0,
"40": 11,
"41": 5,
"42": 11,
"43": 7,
"44": 7,
"45": 7,
"46": 7,
"47": 7,
"48": 7,
"49": 14,
"50": 11 } }
